user_id,fav_id
4725,1703
229,1607
4098,1390
1404,1058
4504,318
2295,2125
2029,1213
2337,1896
2732,856
2914,421
3382,1284
3895,1757
4379,2423
4722,471
2117,1822
2731,940
3206,1669
3859,2061
4839,821
3259,1912
2081,93
117,1324
3379,1
1089,529
2863,547
4500,104
1559,792
2158,1239
4090,148
1933,1514
340,1270
3421,1867
3695,249
1007,1492
3911,579
275,450
1039,1871
894,1239
2532,2282
4114,1662
1884,1623
4350,96
1118,2490
3677,1921
425,1793
4624,2018
1689,2415
3794,2350
20,199
3093,166
3197,264
1677,2411
2664,49
3409,1138
2017,51
3928,1477
4233,2458
4684,1975
1710,1298
3159,325
3288,337
3831,2033
1476,606
3880,440
2304,151
3198,636
844,866
3252,1987
2005,592
1191,1942
785,1009
2145,637
731,1440
221,2476
2884,1498
4614,1471
3176,5
657,849
1201,1139
3575,1636
4355,858
4528,2497
1349,890
2144,1996
2407,343
1814,675
748,896
157,988
539,41
3164,179
2620,2160
2068,1175
3605,864
4716,220
2491,1710
3403,1775
453,2405
4674,689
2618,671
4798,2173
4213,733
3367,114
2433,1066
249,407
1329,1121
212,1089
1503,788
1770,1923
670,558
208,1411
4744,1332
2315,313
2514,1156
1699,640
2984,938
3677,2373
3169,1813
2754,589
2787,261
3080,78
4944,701
3473,956
1165,1776
2433,2038
2960,1822
4989,1052
4920,2267
3776,537
4755,301
790,1250
1334,1745
4885,684
2873,1364
2681,93
517,1773
933,2270
2684,2266
3637,1386
1220,300
215,1513
4151,1100
2567,45
750,2013
322,2410
105,1746
4681,434
1766,732
998,1069
4620,593
3615,2177
3952,1403
3653,2323
3471,864
3983,204
4116,575
954,1100
4419,665
37,2161
2709,2415
4998,1596
1285,2020
4667,1246
4796,1778
400,2242
494,1068
686,1810
3123,1327
3661,801
3913,454
2785,1826
2418,1578
4282,34
1588,543
1117,1665
3737,1648
3544,1707
3950,348
3449,1267
2523,2469
1535,1300
3415,1197
3308,97
1461,2125
486,1096
4686,1475
74,503
4572,121
4259,1840
4467,1888
3298,569
1454,223
3678,108
2265,2338
2489,2101
2106,649
2147,1082
231,2307
2804,1268
1122,2058
1081,603
67,972
1633,934
3026,514
482,1813
3060,2421
1896,1448
236,1185
2157,511
254,1611
238,567
3325,1935
2055,1363
702,215
4350,645
1542,1122
790,2256
3554,1675
2136,619
1617,1590
1486,2219
4540,822
3038,2419
474,661
2887,2079
3571,1844
2345,1530
853,2046
1140,390
2238,1144
4600,276
4015,976
1177,1517
2657,767
4481,840
2304,1012
4894,1265
1364,1221
2934,2348
3555,994
4710,2005
2214,724
688,2172
3837,685
2986,2296
4504,636
3981,1596
2291,2453
767,942
254,394
4277,2012
2022,589
1055,1788
1349,803
4738,497
4151,695
4935,847
2902,1600
591,332
1863,1741
1521,214
3711,770
2300,1618
4924,405
2097,84
3671,115
2061,2106
2268,2008
1930,2144
4302,2177
4731,522
4656,866
3511,31
2740,356
3349,1506
2156,248
1422,1533
2953,612
1402,2304
4527,1284
3228,199
2379,554
4608,1233
209,365
1696,1174
1313,2315
4297,1679
3786,436
1673,614
2714,1872
3281,1211
913,2451
1531,937
3137,466
11,2472
4053,1921
1358,1015
1846,598
2072,1007
3296,1457
1084,649
2912,1759
2950,1791
4289,2409
2598,2250
523,1941
4000,2185
574,104
3526,139
857,2474
1654,1679
2125,1447
1994,1279
3394,766
3358,2486
3909,2390
3813,1624
4346,1408
229,1812
3850,2471
4341,385
3531,84
2283,2021
1512,1124
4708,2295
4719,2224
1850,315
48,2112
616,1717
3450,1406
1969,153
328,2049
74,1473
1276,2180
1007,673
3822,911
4715,1966
794,927
4968,1346
4208,793
887,1437
508,1293
1590,300
2444,1261
3340,1943
4037,637
3052,2179
1998,1847
401,1655
1174,2103
726,536
996,1202
2175,2385
4969,2259
4043,1320
206,2297
2986,634
2767,1726
4800,933
517,662
1331,5
4151,707
2688,261
3259,1488
1571,1453
2595,1716
2283,893
4900,114
3461,2058
2636,1485
2716,2039
2032,844
2927,692
4074,738
2282,2222
3356,164
4679,1008
2686,340
3142,1149
908,1721
2740,935
1162,2082
2840,1115
1993,2149
4707,1428
4777,1634
1462,30
1935,747
2770,1460
2381,1349
2185,985
4432,2106
3575,1448
1074,253
2932,351
1810,2037
3269,596
826,1170
1353,2447
1975,421
4240,2073
884,1409
241,738
4410,998
4396,1285
3176,743
2631,2212
2773,660
3428,2389
1630,1072
786,1711
190,2430
5,2378
1925,537
4503,1444
3783,1911
1365,156
2941,1326
1083,583
4612,1370
3501,1731
3876,2120
1327,1482
1035,990
4345,1380
4507,709
3429,318
4081,1407
1295,496
3362,1146
888,1919
4736,2474
3035,765
3553,2334
878,895
2170,767
1314,717
1532,2162
1739,2302
648,1784
4914,648
3011,966
815,2434
4762,58
2310,1416
1008,1893
4785,636
2660,77
2514,1053
4112,1601
2187,2489
3604,924
4874,2432
690,425
4914,2348
2662,646
3299,1281
3014,1143
126,999
1039,975
4385,703
682,53
4160,1677
736,697
4645,160
4771,2228
317,335
2835,1153
2807,863
3760,1827
3800,1783
4976,855
766,1571
4694,197
4070,1051
3485,2195
843,196
3375,23
2891,2377
432,1961
4223,131
4676,1489
664,1155
2534,1831
857,1151
2614,461
2130,450
2692,188
4231,1218
2353,84
4815,2179
2073,2228
492,2466
3259,528
2989,1760
3583,1922
4076,1313
3525,1905
3619,2215
2480,2053
1605,1886
4544,2162
65,983
3683,1808
4067,2434
2542,2292
1481,275
2609,157
3550,1094
2310,1180
2047,2156
1690,31
3512,2314
3555,2380
4724,1133
3465,2374
1804,327
406,927
2414,1279
2711,2112
2322,1606
3091,819
2744,2176
2428,563
578,1498
328,67
1873,1592
4656,1872
998,556
2423,93
4921,302
2753,716
4619,205
1251,2369
2151,1440
1635,1491
1089,655
781,2236
1973,2408
4906,1918
364,379
259,696
195,1037
834,1708
1046,532
4080,2481
1903,287
1099,92
1462,674
1112,1825
2127,1781
939,1285
2146,2289
1322,1532
132,137
1658,928
1112,668
169,110
4237,2228
1535,581
3631,1289
3903,1996
96,1696
2056,317
3397,441
4605,595
1354,1936
2910,543
1470,1907
3805,2094
2755,2121
4030,476
966,357
3903,1075
3246,589
4368,2468
2153,2345
4648,108
1194,2483
3757,410
2529,2251
1215,546
966,2404
4966,2280
712,1021
2722,2315
1022,1333
3355,2266
2305,1712
2858,289
482,1051
2268,135
1887,1052
322,776
3099,2289
3303,1300
63,2094
252,1334
1638,467
3772,1807
3027,1479
2718,1672
4302,443
4637,1566
3543,1928
1221,1211
3378,1019
18,144
4232,1944
3269,1929
3640,1273
4691,324
3678,173
1310,1618
1030,1555
2032,1233
2346,1781
3717,1459
2079,1884
4371,1113
1482,333
1237,1442
298,1379
4772,1325
4428,31
1435,2000
1248,2175
3778,866
1664,1903
2339,1690
4952,1892
352,763
4807,2405
30,1368
1222,1468
618,2152
1361,1180
3320,1994
2800,1081
4048,899
3574,2280
2318,188
4325,765
1768,529
1704,331
2289,1534
3924,1288
355,675
1046,419
694,2156
3371,2003
343,535
1171,203
1830,2469
363,1782
3814,483
231,930
2691,655
1491,699
1332,1993
3159,961
1861,1210
38,1373
3639,124
1341,261
4587,1037
3911,2288
1883,2316
4778,746
2437,1865
3550,185
978,1000
2402,1369
2416,1447
454,2018
3711,1473
1865,1914
2296,2433
2638,829
2328,98
4250,783
3845,1450
2087,1869
3444,910
2363,1590
2553,852
1600,1960
4849,286
4444,213
3039,1759
4138,1058
480,2116
54,289
3790,882
2224,739
2039,1354
1480,322
305,1832
3475,619
323,1410
2605,2328
3601,1857
4497,1825
4381,794
653,798
4183,38
534,2268
1540,1359
1967,1932
4435,1852
3014,2451
2313,662
3910,1913
1061,192
4512,1948
1910,2229
1518,1555
3152,500
483,1765
792,1758
805,1164
4653,1811
3052,1392
2846,1671
4466,2221
2376,1949
3317,266
1033,2361
2784,648
142,1
2443,456
459,823
4359,2040
4422,1543
367,549
1303,1892
4346,1861
1934,1584
1653,1534
3211,1661
2467,1217
2801,1565
2722,823
1774,355
211,1566
397,940
1149,1933
2104,2194
2132,722
3863,2462
4316,1782
4158,1931
958,1115
1001,90
1173,2088
15,1352
4089,2252
3774,249
3909,119
4190,37
894,1929
2046,426
3380,1141
1789,1758
1423,2011
4316,760
713,633
371,1321
255,765
3503,932
4503,491
3585,2271
4833,188
3627,929
2236,432
4518,732
1342,1959
2755,602
1876,2245
2524,1675
4144,1204
1763,1827
995,1190
4688,1588
2804,2049
733,1467
4789,1580
1365,520
2128,1093
2911,779
2750,1294
4140,1023
3007,2434
3972,2382
1517,671
2556,430
2142,895
4905,92
2911,344
3817,580
1520,54
1198,2404
1771,1880
3110,1249
236,610
4314,1409
2549,1862
3068,2243
602,1175
1127,482
868,2251
3318,1343
1110,79
2595,2211
1688,1656
3214,1498
2498,1331
1076,1234
248,1692
1677,194
2058,929
3659,1583
1188,1450
3770,136
3377,44
3479,1917
1519,270
2071,1072
1117,1370
4279,1091
630,611
2600,333
3281,1120
4291,1861
437,113
3037,1928
4688,842
3933,778
2177,644
2017,663
468,1802
1160,977
1667,1832
1330,2496
1946,2187
2137,381
1752,1203
3212,2026
3406,681
1290,1774
1505,934
275,496
1964,1483
1985,1822
4639,846
165,528
3081,1532
742,1239
918,1622
3608,575
1231,1691
2686,1854
4756,2441
4252,732
2736,886
4315,1487
2824,445
4988,0
249,1181
3846,2180
2176,2117
1357,1745
990,1348
3827,1460
4926,1389
508,95
285,2024
4676,952
3224,1021
1243,1092
1783,1158
1498,1466
2764,918
4142,2047
832,1040
399,2231
2275,1656
1440,370
582,1496
1840,1322
880,1228
2982,534
4986,1645
4065,1932
2047,802
4486,738
3239,1889
907,1283
3274,97
3569,1602
2773,1953
572,312
664,1594
4966,1844
4835,249
1586,1245
4668,1614
4453,2487
1372,1495
2499,1316
2871,1567
3949,2463
2080,1996
3421,590
3402,693
3490,1930
3535,411
4030,560
3707,2137
2720,1547
3290,734
4238,1975
1657,2173
1114,1436
2737,2450
717,2158
4278,887
403,1731
4043,1892
4374,1958
2528,1620
3811,1257
1515,7
2058,2270
1853,828
1735,2375
3463,2018
1258,731
3258,1749
820,851
4867,1837
4258,1757
3969,1329
3309,1493
2077,115
1366,1986
4350,1404
4922,157
2794,365
2968,240
1757,1213
4303,2069
1882,2139
3025,1399
4865,1772
639,1818
2293,1440
1247,234
3909,1012
3973,233
3476,2195
1461,759
2954,592
795,46
3427,1661
247,1836
1803,1191
1322,30
1987,161
582,741
1099,2121
3499,1227
2388,1231
4919,1328
4599,92
650,655
4039,1647
36,974
1854,941
2222,1513
2292,1987
2013,812
1932,298
1602,59
155,428
174,2041
4494,214
1624,623
513,210
4330,677
3688,1049
3222,833
2260,665
2229,2250
3629,972
1171,1649
4192,648
3351,2375
3294,450
855,711
4826,2283
3594,62
1512,1906
4771,1360
2984,1822
720,1262
4198,613
4591,1940
4908,717
3782,781
2989,1664
4176,978
1819,1616
2680,2103
4512,2109
3276,1219
2149,829
3035,1677
742,904
4321,127
4350,1939
953,663
900,561
1977,750
1508,1684
4382,878
343,1840
1597,439
1089,2051
2410,1285
3623,1752
2142,1572
4679,1825
4872,1923
4064,924
3209,998
3481,1762
1647,292
1686,1519
951,2453
418,1017
60,1456
4469,400
4280,1480
2081,537
1736,285
3966,1278
3202,1932
2548,1806
448,2027
116,405
1407,63
1072,2166
4904,2056
4374,2312
2891,153
2723,956
1721,2013
3055,1559
4309,731
343,105
4461,2401
1698,1588
1692,1681
2742,1585
665,285
1598,2400
4072,1433
3229,1199
2602,442
4053,149
186,1626
4046,2299
3302,1089
74,1362
3982,1528
4279,1814
4397,814
4639,750
445,188
538,975
2973,758
1324,1485
4459,361
2438,247
393,2077
4296,2455
1096,2165
3491,1047
1423,294
477,602
339,1797
1608,523
847,1798
4496,84
1967,22
2375,807
3814,36
4959,2121
880,498
2013,2147
3075,1948
4832,1611
3927,1323
824,1191
3826,6
2763,1488
4302,1967
863,1091
4034,78
4544,395
4827,1331
4815,1242
850,1904
3626,889
2093,2307
4895,877
266,525
435,100
97,1824
1693,2290
4132,196
970,1371
1865,1704
4082,936
540,1552
4871,1002
513,1290
3976,1091
4990,8
4216,2182
1198,2416
2044,804
2993,573
660,2126
4533,893
4897,942
3333,2381
438,2270
906,1476
1830,2280
2888,1010
1445,1171
4728,1603
2056,2203
1091,831
4722,1981
4652,1557
3111,1140
3719,115
4858,115
4694,1370
527,648
770,1481
4108,2284
3101,614
523,2116
4025,1962
3055,1827
4863,136
1355,733
1493,9
4384,907
1627,1743
3981,2016
3018,2480
1752,769
2542,2034
295,2306
4550,212
4292,549
3019,1090
849,1326
2823,2449
577,960
1880,2090
4213,1775
1831,2426
2375,2016
3094,2060
3243,1138
4133,2439
533,1111
4790,1738
2641,2292
3442,1191
2200,1408
3885,2493
1576,2377
4043,528
1825,1252
4710,1026
3633,1343
273,126
4597,1247
2078,545
476,2067
1530,1000
2972,915
4042,2400
1086,758
743,636
4932,2484
569,2211
4867,688
3925,277
1205,440
1745,1089
948,0
4998,996
3800,910
3739,264
690,320
1178,561
1769,1641
4303,819
704,2368
4029,2180
825,706
1388,2395
2027,1434
4847,619
4551,2093
4021,447
2425,595
4208,2095
873,1273
1212,585
3978,555
2038,2377
37,656
4402,1305
1454,1487
292,1240
3217,1917
2148,1119
4333,1742
381,2294
3600,1386
2401,1810
4519,2219
2608,460
3449,2289
4299,207
2732,73
4425,902
4809,219
3524,920
292,1968
778,844
3455,261
2447,1755
1003,1584
3278,1117
3614,388
931,412
2005,573
4935,1539
1106,34
4937,1169
2064,249
248,1077
4443,959
2730,1819
1968,2057
2941,1415
400,1050
2079,579
1329,262
1742,448
955,378
1611,1100
345,1214
4305,560
4613,1942
384,1013
3913,1119
3930,597
203,2069
4238,1502
1525,1204
1135,1932
3140,68
1632,574
1383,864
1642,1821
905,2461
1003,736
3450,820
1452,2275
502,730
3388,2260
4974,789
1879,128
493,875
1321,152
1144,917
1452,1435
2210,2333
2329,105
2728,600
687,2100
1140,1069
268,1465
3714,1033
2154,2378
1402,2478
1109,1915
2584,1836
1059,1706
3136,12
2301,2307
444,1136
4753,1925
3759,660
2557,2497
2527,1398
938,307
1818,83
131,1616
61,967
4009,2370
4931,1423
1243,2250
1336,1038
1533,524
3327,2085
98,2063
2635,1583
2673,603
3189,718
3912,1441
2210,741
1200,2218
2744,2441
1837,1875
3328,243
3879,568
1205,32
3208,1854
808,2354
977,957
1734,820
324,2249
2168,205
1572,1250
1082,582
4829,1656
4055,1338
1759,88
747,576
4990,342
4660,1135
4453,113
1242,884
2463,1534
4056,1373
279,564
2731,1189
2417,917
1308,818
681,1255
2543,986
2611,167
1088,1739
4341,640
22,2169
1719,933
492,1284
2417,2199
4775,1776
1358,946
3,2261
880,1161
3177,1381
3236,1409
1086,887
833,488
3207,2279
1063,2078
4178,984
74,1216
4497,2186
2013,2192
2362,1292
4975,1913
4032,887
4894,1891
1046,2418
1597,1481
1912,1970
1832,1238
4088,1576
3944,899
2486,2114
1895,86
60,120
3147,410
4941,2109
3884,2420
3053,2211
1180,806
1416,412
1381,1361
1831,381
582,576
1740,139
489,118
3947,1383
1344,1139
1987,1809
1592,786
2045,582
1265,2302
744,2048
3900,1301
3352,940
3204,1638
3080,1344
3091,815
2836,1485
4280,569
4758,1870
317,275
353,1430
3573,1249
2295,1988
228,1503
1049,662
972,286
1196,2202
3757,2388
4131,1144
4029,2390
1638,2216
3476,1109
2299,1152
260,2499
32,1219
1063,1234
3169,2045
1506,1893
2136,640
2430,560
207,2493
4712,1052
3903,436
3880,308
541,1668
2159,870
2617,2462
4547,2061
3048,1905
3867,1978
2354,2151
2851,2343
4545,1821
3458,416
3858,2097
4404,1638
3717,1630
708,1940
3370,2065
3138,1463
850,568
4375,237
1012,773
2736,2011
4776,298
353,785
4021,2413
3404,452
3639,2378
2819,1766
2286,1864
2646,1024
2111,349
364,656
2233,2012
4672,1070
4333,160
948,2198
672,2262
4687,1914
3392,96
39,2046
439,1406
1636,2124
218,1212
3865,326
3872,1422
265,842
4584,836
1143,1371
1978,2421
3624,368
1112,1955
4210,1992
4084,597
2450,1954
2736,1838
4309,181
2741,2117
1492,2397
2504,725
987,2379
4670,2438
4973,1218
909,911
3155,2202
4142,1876
3313,2063
354,302
130,2312
1256,1201
1602,750
4078,404
2725,1049
3913,193
270,636
1360,1238
4591,1509
2534,963
2427,2193
327,1892
997,718
4023,216
1723,1446
3665,366
301,1712
573,1833
1038,341
4402,1100
498,1171
4208,1717
2481,1553
4168,1972
1971,1121
236,2353
1508,1649
210,1959
3783,351
1226,2345
4713,202
3174,2049
2243,1076
715,2408
4857,1151
3438,563
3434,2437
4777,907
1492,2350
144,1693
4429,2352
965,278
4358,2012
3517,1988
2000,2322
802,1081
3549,1117
4870,631
2981,1187
1739,1767
711,293
3906,1472
3322,698
1959,1201
4659,977
492,707
1665,267
2395,172
2295,2142
4148,144
3000,1784
1185,295
791,416
3462,1807
897,1914
2098,660
4244,2374
4380,1112
898,480
1785,1134
3544,1135
4891,2028
1103,474
276,261
1441,1375
1964,1361
1529,1428
678,1422
240,1698
2030,2050
2879,1038
2946,669
513,1436
3058,608
4524,1814
2277,354
2397,703
2176,1537
4447,391
187,1754
4143,2424
2196,2323
1984,1296
816,2126
4105,1930
4861,2143
4785,667
4253,957
3265,916
3318,2023
3543,1392
3590,1613
1961,727
3020,2253
3929,1706
4635,2132
826,1441
2667,667
2808,488
2743,1124
1122,704
2639,1628
2651,2058
3402,1768
2391,134
691,2393
1741,1557
1820,945
4707,1807
4272,2007
3255,1864
4884,2095
4641,96
4392,2101
3215,1682
1476,37
252,2355
3709,1743
3279,1721
890,548
3507,931
506,475
3292,457
3586,1680
1297,647
1401,1373
2569,2157
232,122
3790,2029
3108,409
2867,1806
386,1969
1333,998
2221,444
3388,1087
533,1259
4399,1565
3639,113
3400,412
4571,1133
1176,1367
1118,1139
3147,699
4495,2283
1972,744
1110,1361
1917,6
4929,993
296,1287
137,569
2342,2203
1513,1504
625,987
2714,1312
628,2023
2683,1875
295,653
4847,2258
241,236
3813,1279
1475,1596
2833,1437
1171,2045
1734,2090
3390,108
4280,2082
127,1538
3303,1292
721,1443
2428,1433
3011,436
3289,450
2098,1151
1808,1680
3212,1604
3668,2368
4681,967
3433,1157
4025,764
4600,2352
2022,633
3201,2490
640,483
4007,1929
535,1297
3587,206
2788,231
4424,1388
750,2499
2754,2493
1494,718
1061,198
53,2331
1312,1668
2901,833
947,1137
2748,526
899,945
4366,1294
3352,2215
3180,1119
2613,620
1194,2252
4028,2027
1413,2471
4929,799
3344,1070
3111,1322
786,1482
3058,1495
3968,758
1037,1261
976,1438
3156,1719
4803,1495
3777,2223
3064,122
326,2271
3187,1140
2315,1736
2074,100
3909,1137
2219,1810
1083,2143
2842,1299
1405,2426
4333,2047
2775,1326
370,252
407,2047
3113,1726
920,1209
4906,625
740,638
873,1154
4621,182
4315,532
1684,2184
4371,1081
860,2344
4842,201
4658,1118
3602,907
4291,1313
2025,706
4422,206
2883,826
2996,263
654,1117
3207,1018
1331,2454
4305,1082
4926,873
1380,453
2029,1546
1858,2297
4839,58
1723,1146
878,1064
3451,1036
2188,1446
2772,1866
1502,954
4137,2256
4265,1357
4359,34
4664,797
4730,2314
4094,479
4918,1015
3782,2025
362,829
4074,254
737,2258
4572,126
4245,352
4192,1115
2301,1916
1694,1583
2299,253
2975,529
3367,611
169,2194
3856,586
530,618
784,499
3763,811
3533,2311
578,1654
278,867
1294,1715
2331,1037
2485,758
3137,70
4915,1770
840,1069
4114,1625
3996,993
13,1909
921,2015
4091,2037
2786,460
4823,2452
2457,1394
2277,181
616,2
3500,1339
1702,988
2188,44
2708,1746
2373,1670
3341,625
3341,2188
189,2449
2736,1178
1089,158
3317,1513
1920,2086
3817,729
1514,1594
4822,20
3580,1
1139,1996
3421,217
4739,1567
4943,1312
327,1726
579,850
2974,488
3696,372
1174,2034
1220,1169
3689,1715
3823,1875
3820,1334
2577,740
1615,417
1565,936
1575,1514
1385,693
3775,149
4002,1768
679,1990
618,1540
1052,33
2429,1998
749,793
1881,1626
1464,1195
16,1876
4549,605
1045,633
2076,1887
4934,857
3719,2054
2746,1302
119,1746
4448,543
117,2109
2998,459
1918,1974
2694,1169
3583,2230
4478,1143
1617,1194
2604,2328
3998,373
1287,2098
3224,540
2174,1662
4453,99
374,2348
1481,2320
632,1180
919,785
4909,211
2244,1180
260,1618
2245,1033
2946,2263
1081,226
2517,848
265,986
2154,1355
4899,1352
489,2272
4304,492
4486,1000
1535,1669
3647,580
4963,1929
4910,2268
89,385
2770,2188
2266,1830
3558,2496
3371,2062
1817,1587
2804,1228
2921,140
3876,1696
845,2118
2895,1385
3627,2226
3566,1557
2071,1296
149,734
3357,2084
63,63
2236,36
2910,2217
4648,92
1117,1028
1514,1319
4764,68
3288,2471
2696,2177
673,61
4735,2047
3893,209
4669,1327
588,1576
2369,1889
1645,187
3053,2490
2715,185
2306,2021
4834,1963
4547,1538
3054,1722
3493,1983
2729,6
614,2219
682,646
2765,620
357,1114
211,530
4122,2312
2193,551
1955,279
4968,1992
545,2164
3002,1382
4028,2435
4453,2171
1594,860
2760,373
931,1107
217,872
105,2365
1100,1045
1529,2040
453,1185
1549,579
2603,378
1086,2051
4930,14
2823,935
1943,1689
4411,51
1111,993
641,935
406,1849
88,1539
2789,1150
2668,215
2806,365
2163,2349
924,1061
4347,2341
3752,249
2035,1515
266,341
3364,2088
1697,429
1388,1891
87,316
1412,1253
2453,1455
1047,2226
4341,1042
2013,2028
3469,1524
4953,420
2776,540
1016,2478
3508,2138
3757,625
3794,589
2662,1807
605,1807
184,1251
2303,2388
1135,765
918,1223
1046,2350
4579,2387
2307,273
1645,1842
4300,945
4683,1912
2268,1888
2962,28
2468,141
2754,54
467,858
3730,1662
4943,2365
2422,1518
2176,1190
1687,1099
4477,561
1241,989
1991,1429
1357,1275
3282,1813
1204,1629
3621,1070
3923,488
4692,2231
930,86
4979,876
3267,966
854,591
820,748
4795,561
404,1290
3432,1376
723,2181
304,1423
1099,1564
2329,10
3304,1132
1968,1479
2671,459
4353,19
26,224
1439,933
1858,2087
173,754
2942,1540
142,2031
624,727
3396,1600
3298,618
2352,500
53,1065
1159,2109
2273,1259
2667,2146
209,135
2219,454
255,1014
3225,2298
4682,413
4768,976
1215,1055
4034,1557
476,2444
3416,1660
4111,2145
4486,1627
4138,1843
1299,1550
4331,728
1779,1240
1407,188
73,2447
4321,687
3859,571
3500,1504
4861,811
4732,788
1207,942
2621,1592
2627,1759
766,1815
860,1030
1469,953
1809,2393
4887,529
4189,527
2323,1179
2483,682
3425,2147
2374,1989
3873,764
1104,2313
1362,725
3496,81
4963,666
2387,452
484,795
1165,1217
3268,1317
1039,1422
2724,2123
789,1440
2888,240
2148,2222
549,1041
4571,1871
1838,2457
976,854
2968,1214
1911,651
97,852
1348,798
3352,410
178,2066
1579,350
29,936
4397,1237
1691,2346
2303,477
3851,903
4818,872
1960,1293
103,1404
1910,1327
4141,534
74,661
3588,2123
3918,1553
2458,1202
1224,1057
1527,496
2663,2087
4247,432
27,1787
3987,1804
4295,769
2339,563
4557,325
2133,318
4780,1408
4714,1327
1118,955
4899,402
49,1960
1125,1350
117,1291
3282,50
1183,749
4622,1482
2625,2438
1144,1282
3798,2321
15,111
146,2235
2041,105
3714,2423
2485,1384
2707,255
2535,2179
4786,1801
1695,275
150,1912
1849,2040
2624,1322
3728,2378
4673,386
1798,2326
1655,1065
2229,935
1990,705
2015,2027
936,1277
4702,288
4956,2210
4558,864
4031,262
856,1893
3732,1826
2464,2409
2412,1502
2473,1630
1553,2287
2331,1608
4861,412
4997,851
2227,551
3519,14
4890,490
159,1757
197,2103
4656,827
1593,271
1783,288
4916,1107
332,555
3086,571
4619,274
2734,16
3325,452
3823,337
3284,509
2865,434
1089,708
1836,2372
1264,1145
116,149
4432,1383
454,2478
602,1205
3849,969
4542,451
4731,1920
3576,1449
4189,1293
917,973
3182,2385
1122,865
4085,253
238,1452
4814,2149
3802,1106
2604,805
4996,1789
766,2243
1220,1918
3991,1243
2992,1891
3496,427
4939,2018
2928,503
560,1782
1677,255
4241,1963
3428,2243
4658,635
746,135
3556,1170
2468,1653
271,1423
4814,1685
364,358
4818,256
909,1717
921,1890
2251,213
4810,378
458,334
2747,841
2441,1173
3333,2014
3797,1743
3860,178
785,1079
1253,320
4398,1647
298,1584
2660,756
2442,114
2557,720
580,2159
2946,1719
1183,489
1465,1427
4950,1387
4778,429
2910,2178
1761,1237
607,2206
689,394
2079,483
1213,673
4028,282
3352,277
520,480
3288,1096
24,384
4759,1768
2437,857
872,1643
3349,400
2626,523
3156,87
4997,1877
4603,2286
2468,397
1292,2011
4470,1920
4837,624
3934,2012
1851,1676
1461,1046
2481,391
1826,884
126,2224
4958,2136
808,553
3489,1116
4885,929
2216,266
2576,1478
2574,139
3606,2464
1565,502
3355,1044
2107,360
1715,7
4942,1572
1791,2362
4628,1490
3026,1149
4158,426
4643,1654
4248,1103
2641,1405
3952,1259
718,1458
535,2443
3864,1799
3801,2347
4475,1546
2301,1225
4622,548
626,685
3271,2078
3902,820
4230,2190
4144,807
4350,1137
851,2148
4492,1095
426,950
4419,403
4922,2358
1664,1791
2083,251
211,2190
1354,619
1289,2104
1951,935
2322,2209
4447,2009
1522,662
4109,132
468,936
869,47
187,1200
2709,2170
4868,1764
1500,444
3887,73
464,499
4396,177
3061,1141
466,707
2419,2008
831,1419
421,154
1326,470
2326,2316
4790,1809
3518,909
2936,1655
4460,434
1243,917
106,59
2627,1061
4124,2280
292,1565
1427,609
4083,1393
3690,1924
3329,2416
4326,408
778,1011
4745,692
2594,1739
4996,896
1125,483
2124,1991
453,136
1260,529
4261,2112
2033,1258
504,1942
4432,759
1720,1570
2121,430
3989,946
4457,1587
1953,721
3488,760
3800,2473
4092,1984
4554,2255
49,1115
1635,229
4936,734
1492,1918
3545,1353
4189,580
3237,2458
2859,1964
3352,300
3371,505
2742,2092
9,2219
4199,2398
4682,2303
2077,1436
970,75
918,696
4223,965
4174,855
2245,2025
3571,1353
3411,50
4405,1846
3750,522
1912,1858
2942,1598
3441,1571
3278,403
423,1155
2503,1202
3681,1477
4932,737
2887,1468
4620,201
1405,431
4301,2103
2333,2095
2383,901
1476,1784
4480,1293
368,1028
3060,2098
1646,128
3360,1917
4669,2247
2814,892
2659,1584
1116,1017
1733,2281
2122,888
2854,1804
4276,444
2313,1823
1444,109
191,1601
2714,1937
2049,1992
288,824
3148,1709
2895,1142
4993,1217
873,2033
1073,824
1508,489
2027,58
973,1598
2163,594
2018,467
450,1983
1960,2397
4860,13
3951,691
3325,1503
4326,2346
1627,243
2844,591
2815,1857
3179,1831
4984,803
4809,1529
1172,1512
1635,2136
4981,959
2958,547
3006,89
3336,56
3611,738
3641,222
2692,1039
2438,116
4040,2393
3337,102
1250,55
3278,103
4086,860
4357,1181
4178,1578
3230,1442
4475,1551
1677,263
2833,2236
829,1255
456,1037
1611,891
4265,408
1528,917
316,648
4773,1439
3566,1512
1317,170
3493,1255
3128,1065
2883,1739
2660,130
1705,1639
3924,1366
2429,2082
1525,2167
4937,1650
4359,1276
4423,1564
2190,1303
2887,911
1215,1787
2094,2157
76,1474
3888,1476
2329,1205
401,268
3840,792
3170,20
2007,1779
808,1399
898,1900
4562,421
1978,423
4669,1660
4575,641
4265,2115
1243,1694
4257,1052
2000,1440
3889,168
2970,26
73,529
3195,2462
1328,1607
747,943
2110,612
2536,1796
2310,637
3409,1052
2120,2223
617,341
828,1225
2139,557
3699,1851
1655,365
2000,1371
3130,99
249,805
1274,1911
2197,2390
4559,1830
1447,1622
4219,856
1079,430
91,1370
1614,315
2353,325
2484,408
2668,2080
1464,833
2970,115
2220,420
3484,1020
1386,2218
1273,861
3598,936
4078,1782
1007,843
4797,764
2708,1569
4733,1909
2555,912
2426,410
752,1821
336,1770
3948,614
2165,1740
3617,1683
1912,1423
4988,1135
3141,2039
207,1112
4318,643
4843,1554
4443,2224
74,1699
1554,1255
1516,801
1331,1957
2782,2055
3475,2420
1680,1668
1049,1799
3134,129
1972,2195
754,2060
3584,2136
991,1491
4814,1375
4563,42
752,1786
3817,2309
2252,2224
3728,2155
2390,795
4530,1755
2065,217
1001,608
1016,123
2468,683
4720,1984
3584,341
4633,1111
2939,1602
2397,619
4076,1350
4471,1486
2014,1048
4500,1093
3496,876
3426,1525
3302,2217
3941,1130
1273,1300
1760,1028
3610,261
3295,1318
1990,447
4508,1745
4618,635
3503,152
4276,571
1792,1664
4126,25
3888,951
3509,187
1769,2219
340,1994
4531,1739
671,1555
608,1720
1995,63
4053,481
3867,2074
2440,149
4518,2393
2336,2366
1997,320
1430,841
4198,1055
3890,1609
2784,2021
448,1206
747,1106
3841,283
1572,802
4375,2149
443,1705
4283,1864
1121,2375
1808,2086
1138,2122
4079,870
1259,1527
2356,1828
4585,184
2482,2223
4030,1045
4692,2484
2274,2258
947,2289
254,280
2118,448
4556,2267
3661,1986
100,669
4554,934
26,686
1714,1410
3333,1787
821,310
4351,30
2333,1210
964,2418
3953,1127
2404,1659
3756,297
4223,1806
1362,100
1295,1358
2717,407
3692,2195
3678,1315
4116,2210
862,1129
103,641
4447,368
350,2065
4831,138
1226,2077
295,1429
4148,439
4968,1656
912,88
3417,2101
2569,1752
4442,2484
2140,1387
958,1478
3290,280
2565,646
3483,157
2462,1415
3855,1503
4859,1103
3220,2009
3916,1911
2427,1044
297,2044
3168,2073
320,2153
4454,787
3748,1290
966,2227
2903,1728
1524,2226
1343,1552
2024,1453
190,1411
3802,2200
2194,1471
1706,668
4184,1470
1081,1339
2525,1478
3974,1338
4908,1041
3264,2275
227,43
4033,1285
3803,1174
600,2310
4108,373
4724,721
3640,642
4693,351
2861,725
2281,1337
259,2067
984,613
4874,518
770,2321
835,1605
2998,968
2353,1724
1526,1214
3798,2413
172,654
2157,996
4628,875
2903,1339
4764,345
4834,1318
4189,103
4627,2456
3175,762
4830,1359
738,1329
1030,1332
684,1367
1055,1806
1178,396
2113,90
2545,1766
2614,1718
4891,1724
3089,1700
4859,267
3715,1444
2333,995
331,2335
2990,507
4148,43
3438,1991
2773,196
3924,451
634,423
3733,500
2621,299
4157,1585
137,1768
3967,699
1163,1780
551,1576
1011,1947
2148,52
3444,1595
4391,2231
3162,982
4068,1279
2987,337
4459,329
247,1386
3517,2453
2672,1412
3810,2343
1198,1087
48,1832
4044,1594
492,2093
371,1818
452,2016
2194,738
771,960
255,653
3246,1576
3990,1928
302,630
4323,518
2404,1324
3156,1298
1020,474
1267,1802
155,1
4838,713
2611,636
3977,1246
3291,1989
4977,498
705,1089
4276,1150
1185,1750
4201,1232
2512,1893
2098,49
4697,2308
2977,612
3551,560
1252,1647
2388,1071
991,1963
4274,1249
2088,1109
1148,2303
2493,225
2043,553
4078,1417
223,631
1315,487
38,1920
3398,2221
1394,1265
705,1124
974,896
4024,1926
4040,2216
1430,2316
4178,1539
3592,2414
2853,2377
2071,2183
2810,2457
1353,1383
3421,2076
4269,1365
567,1803
628,1922
3050,549
263,1263
2031,2190
4910,1931
2416,968
4865,1429
324,826
3423,165
1827,1891
4021,2287
3545,1720
1768,1762
4009,928
3737,1480
78,2075
2050,1978
1010,407
3008,1907
1785,1871
1071,1636
2141,781
2550,878
281,2015
2395,1574
4787,1616
2996,1811
4025,596
4914,2477
3052,940
3628,629
1627,183
3592,1326
3672,1298
4559,1855
3082,252
4652,2317
3730,2001
4190,511
3897,1930
1845,816
3617,1754
551,1109
3616,617
1754,2314
1271,1056
1265,612
3615,2476
4731,1771
3886,370
1228,951
4131,979
1076,969
4439,2437
3235,282
2179,758
4200,2112
354,2078
1322,1921
2233,2058
1684,170
3355,370
2789,2083
320,1996
4954,599
4912,848
492,1868
1305,2330
3404,831
4716,2422
4292,1520
1331,1700
2261,1538
3904,1273
291,1518
2952,445
2156,2023
4509,1480
651,1951
2697,1421
1135,933
424,2334
4961,1672
3946,1322
911,1899
3819,1042
272,1004
1180,805
1558,2450
3995,1764
178,1441
4584,429
1370,2247
2074,241
4671,881
1746,12
176,793
2051,1203
3688,1808
3092,810
1324,2048
572,87
764,2289
2046,55
407,1950
4518,772
646,1294
3667,1749
2418,197
99,1989
1649,520
4728,1919
4081,1196
4841,1602
3019,1833
3382,387
4507,2044
1738,664
4144,1114
4048,237
4057,55
670,672
3895,252
271,367
1564,1566
2472,1857
1575,816
113,204
4670,1923
2069,432
546,188
3415,796
267,942
857,832
2131,305
2411,999
2755,219
4980,763
2348,523
3529,738
2416,1195
124,1031
724,1112
4099,2493
1680,2110
1986,286
2427,1419
4888,1981
1171,297
1079,2078
1858,2257
1392,2362
3776,1716
2082,399
4070,179
2,2054
1535,518
4754,1545
4173,1013
879,2174
30,370
2126,1643
4529,1895
3165,1923
1094,1351
4438,1737
122,1059
211,374
748,1698
3746,138
1039,1365
1880,2031
3194,1599
2004,2491
2971,1727
224,64
2873,670
4322,2347
2057,1920
3283,1999
3613,2068
3486,1713
924,1105
2361,85
4014,497
1067,2424
3859,2022
1981,445
3464,2296
3226,372
2382,108
3852,721
3727,1061
585,811
3155,208
3651,2365
4,1735
2441,846
340,2097
3819,2014
1215,2273
4578,2324
1330,85
2531,1650
959,1058
2506,1160
713,1623
2101,1233
3137,2300
3886,2024
2988,2084
555,158
3927,1399
4601,955
4354,877
3378,569
1540,1526
1741,1147
464,734
4164,2304
1694,1269
1002,1784
2847,337
3451,339
1198,53
3902,1383
2453,1050
3245,2491
419,2164
4610,1107
348,1399
4389,1347
3850,148
1627,2094
2939,1654
3839,1154
3135,2123
536,107
3030,1736
2858,1602
3364,1098
3072,2300
4538,1830
2936,2332
1802,1722
2684,982
511,868
3112,98
3229,767
1732,1610
2129,1831
2039,2297
4820,601
2630,1181
4580,340
2878,1414
3658,1172
4729,896
1992,977
2336,2454
1318,1529
4218,59
1065,1481
1345,1166
4286,298
2722,1659
3375,1693
3617,2272
2767,1660
4300,1141
3466,725
2331,646
1474,1068
4539,134
4899,2377
2429,738
605,1072
1018,1263
1947,2445
2703,726
1407,1334
653,2473
1326,269
3526,1786
3535,2331
4193,2320
4890,1997
1911,770
3294,1146
3499,2404
4919,895
648,1129
4582,68
4700,1956
3719,1584
1869,2416
3217,1336
2040,1656
724,307
4047,1974
820,958
2439,1588
1365,995
3393,2184
4144,993
1177,2496
3902,207
1647,1823
822,2476
329,2126
2375,1156
4981,1706
4264,347
2281,14
580,1562
882,1867
3439,2202
1990,885
3030,1826
544,291
1334,355
4279,2079
2889,638
3243,904
3483,2086
2698,2498
4214,2449
2819,725
3220,880
1281,1328
4350,2213
4184,2062
4745,2340
1143,1146
1223,194
655,1395
1510,1939
1130,540
873,1066
4514,1705
2690,1890
388,465
2317,901
4187,185
850,1681
1554,2401
3195,225
2896,35
4764,118
246,1546
3421,697
4176,1019
628,895
4207,939
2653,1602
1391,1618
2629,1093
2194,2315
1710,1223
4419,2209
83,1875
2370,1565
487,260
453,77
3307,883
2021,2009
1596,927
2558,549
1690,200
1184,827
701,521
2932,2239
4424,2445
1458,844
4536,1035
2716,2190
1082,831
4399,279
317,453
2351,2008
3728,290
3201,2466
4263,2479
3419,2086
3186,1816
4070,574
2393,657
3751,72
1151,2
4564,546
3226,62
586,2446
2970,1853
4228,2439
251,2147
1826,476
2482,1361
774,583
1744,1318
60,2163
3978,1799
3195,2206
3007,1284
563,232
4969,2435
2473,1445
3604,1446
3635,1721
4506,1918
242,2001
4800,482
3461,517
1223,625
1986,1556
513,1452
41,338
511,2193
1959,1290
171,2459
3844,722
3046,112
2909,1236
1547,1806
531,1380
4046,131
1853,617
3054,2156
4347,1992
592,819
3820,752
35,1680
4881,1447
905,946
2748,529
3706,1823
4835,1800
3329,1635
2735,488
2131,2336
207,1660
2110,271
824,267
849,1596
911,935
166,1454
3468,389
2012,851
929,841
4317,100
4416,233
4961,2056
2115,1616
451,503
3231,734
2885,93
3708,1901
1131,729
4825,1092
3005,1909
3239,1818
2294,1592
3477,706
2841,16
1080,724
1046,782
222,805
2000,633
2805,33
2320,682
501,2077
4582,1472
2187,1346
1709,129
2591,2
3798,910
868,323
4762,914
4614,682
3806,2151
1451,1453
3873,1603
2541,514
3790,1259
1305,97
801,1506
2943,638
4129,2327
602,274
4507,1258
1250,279
1538,654
4111,2036
4975,1266
4713,47
4806,1342
3241,206
2700,1404
771,474
1700,420
4220,1026
4905,1604
3049,1271
2985,2098
441,15
307,1328
1334,2182
2110,1492
2597,582
1572,2359
4777,1008
3545,2493
1703,219
4087,2329
83,2003
1158,822
1940,1027
2302,1233
1099,1654
117,72
3554,958
1046,1347
3280,322
3129,351
1362,2356
1803,1763
535,2375
3593,1284
3017,2317
2492,1525
1785,721
828,1519
2284,799
2392,1152
1546,2457
2575,1730
2227,229
312,1201
106,1169
3890,71
79,370
4996,1346
918,1546
1411,1604
3316,1323
2497,240
4499,178
3742,1731
3736,2390
3425,662
1637,354
2222,824
2912,1871
1730,2373
207,1693
4999,388
4201,1233
3667,1379
2217,1866
1269,746
3986,557
1755,1453
4593,2033
1356,1602
1855,1133
3846,796
535,1335
118,1880
2077,393
4169,472
4896,2104
2344,52
2426,1733
3093,210
327,2016
3741,431
4325,775
984,2220
2841,1994
1041,1346
2734,887
4475,906
4844,1835
1256,87
3751,493
1562,169
1111,437
734,1133
1242,1388
925,2122
3310,1133
1616,251
4707,1297
281,252
1886,1007
4448,2024
2321,1899
1845,1352
4227,1016
3253,1177
345,1477
4338,1219
2381,800
4094,555
1462,1932
4427,2407
3402,433
436,2229
2461,878
142,2330
3201,730
3956,2161
2040,858
336,809
790,375
740,2072
321,1946
4340,1089
3307,2425
3137,2254
283,1772
3073,1321
2864,812
240,410
28,339
2553,53
2048,1415
3120,2131
3467,761
3332,1825
355,2459
2887,443
1003,2466
4191,2368
2380,1549
1858,1225
2503,417
2368,861
2473,1247
2704,1078
2245,2031
1980,1804
3870,1497
4807,1649
2182,18
967,2316
2761,313
3333,933
2021,904
2109,1599
2683,2286
654,946
1157,1020
3462,1633
2327,1297
1348,438
3075,773
4616,639
1572,839
2298,1410
2425,11
2812,109
2730,1213
3398,2193
3846,2082
4128,241
400,2354
4118,1905
3151,2459
1446,2063
941,18
70,2108
2207,2213
178,2184
3411,130
1951,1056
391,698
1368,881
1921,367
3031,758
354,849
332,246
4019,2271
2224,1489
4791,1704
4859,578
460,2354
2720,654
1761,935
1992,168
3528,2451
65,1002
3507,2209
1010,2458
206,1654
2262,120
1553,1414
2285,602
4662,459
4943,2393
3085,1402
4688,1835
4844,1617
1407,1725
2416,2083
4628,1090
3958,1958
1063,927
1138,1926
3680,2241
4555,1976
1602,553
2582,1311
3854,104
4044,1290
3866,792
1090,334
4811,2473
1025,2387
1632,2382
3428,984
1047,2181
2000,1407
1679,2237
2475,2149
4007,1580
4624,1557
2164,107
801,138
4100,1120
2979,890
2961,1815
980,1651
2897,708
2259,1042
4053,1333
4315,1805
979,2287
4076,150
3147,1130
4006,1098
4215,1163
3992,374
1701,129
3194,1696
4520,14
250,841
4306,1250
1372,1853
1289,2232
1065,1915
634,1170
2788,1424
4963,358
3001,1291
4161,68
2391,1527
869,685
3615,686
811,2179
4878,1000
2199,716
4652,258
919,540
3588,1312
1220,1022
4649,1672
3354,1642
3122,1731
4342,675
3570,1702
2941,197
3073,1024
429,2028
2879,2012
1945,2454
3523,2141
1092,25
4053,2089
1855,1734
345,1602
4857,180
4638,677
4780,264
2821,1975
3007,327
2716,1097
4489,1840
3656,355
4586,1923
3359,2259
4646,1876
2699,1538
4252,1642
628,320
2164,859
4671,1657
829,1303
89,1077
3798,402
2171,2270
1021,2254
2528,1476
2380,1425
3049,92
1711,304
546,2133
3689,1109
500,1508
3931,2085
1526,792
2897,1721
80,198
4232,190
351,2267
2091,1449
2648,1122
3599,2426
4568,878
2611,2327
2755,1514
1012,1270
2636,1122
4592,832
4040,780
3147,1845
112,2318
2479,2108
4076,691
3097,1737
4945,2284
3709,902
3397,1953
57,1450
3551,1254
632,2187
2852,591
729,635
907,2446
2826,1511
1438,1560
3850,2059
4661,794
4873,2149
3081,1033
78,2454
3470,1624
4353,2275
4064,2303
2436,1135
1874,2286
3816,1345
3100,1988
3264,1638
541,1924
2613,1455
42,539
1102,2116
3544,2029
4207,1833
299,1971
3572,713
3262,2261
3807,870
4509,492
4534,2432
3330,1345
4170,195
4828,1211
952,197
3276,1762
913,1010
3095,2190
157,1164
1850,776
3588,661
95,1273
3615,2397
844,1613
4863,765
4206,2362
4858,824
987,1335
1752,1984
997,2414
2908,58
163,27
2221,660
948,1471
2940,1517
4418,2066
1918,2180
1815,932
51,1247
3760,860
4455,2148
2194,325
2497,1233
1929,1331
3111,532
4272,1399
43,1655
3092,894
4486,1370
4318,2350
801,2043
2284,269
3881,691
163,1665
2564,2248
2159,1196
1104,1242
1649,741
4401,54
951,1487
766,483
3516,941
1908,1059
2765,1640
2339,178
2972,218
1336,496
3816,841
3156,1825
3033,486
999,420
3546,914
2671,2182
3970,1199
384,954
3350,1576
250,2383
3392,2479
3108,1263
510,40
4265,1473
3804,2361
2884,1373
4577,1415
1738,2312
320,1653
1691,188
4340,1656
31,499
4581,723
476,1222
3203,1438
1657,1509
3731,1883
535,1123
1615,1138
4598,2190
144,1718
4050,1906
688,1471
3037,2118
1226,999
1860,1871
918,455
4098,443
3090,855
3821,354
4164,986
1700,324
3566,800
3784,2170
2197,2450
4035,177
1515,729
3261,455
3587,1443
416,2200
2815,1994
4222,110
1570,478
3849,1479
4997,1972
1494,1718
2013,488
4728,537
470,682
756,1004
178,1773
2224,1518
399,1311
4829,2433
2508,1195
4784,1982
85,307
1040,417
1590,1531
2580,381
4185,1648
1955,1089
3926,2248
3233,1706
4473,1637
4381,1691
927,187
4336,665
2156,1283
1172,1070
4610,2081
3094,26
2311,1083
1562,1518
3928,1918
1250,1289
1731,1390
2527,1899
4673,2344
3665,2008
3457,1819
4700,273
3258,2087
1867,1851
4495,2398
4333,1552
4284,874
2630,30
1983,560
1651,1617
3933,2160
1678,2353
4728,1695
4193,1285
4944,1187
3638,597
4353,43
2542,2427
2390,1515
451,2258
4270,453
2231,1986
3183,3
4960,2103
4911,1046
3264,2109
1727,2479
382,1955
1259,325
3154,2031
3715,1455
1791,1791
4146,1705
3795,2186
2506,1707
3921,1375
2258,864
3573,1973
1175,1457
1547,1427
4186,77
1231,1714
1814,1718
4375,1640
1384,1773
283,2190
1928,1685
4260,401
267,567
3485,1796
4893,29
315,1442
1154,1825
727,1023
1270,1299
975,1713
4948,1024
4448,99
2080,1929
143,321
1600,963
2938,1178
729,1052
1267,1520
1569,2183
191,322
2002,1285
749,1216
2413,2411
3057,1107
630,494
2263,326
2954,774
1645,242
4841,558
3880,1856
340,724
76,902
1527,366
1971,2420
883,315
849,2374
4551,436
1747,748
4428,2315
1129,782
684,960
4070,1096
1277,772
1429,1153
4568,372
433,1467
2521,461
523,2432
3740,1440
1304,2049
585,1484
2098,2438
4640,2420
537,913
2067,766
1637,555
273,1968
3116,1423
4386,1029
1865,770
4471,2152
1712,1379
4184,1778
3998,202
61,2379
2322,1215
411,448
3686,432
2282,1021
1058,1793
1178,2186
3064,1882
426,888
2254,2194
192,188
143,1281
927,863
2821,1198
4199,2089
3865,2421
854,1982
390,1072
4111,2303
2559,960
2070,632
328,2329
1836,568
4021,417
371,470
1401,1020
2936,2189
4100,462
648,321
1864,2262
2183,35
1119,1895
3175,2230
4159,718
4754,840
1696,1840
1935,507
4358,872
1918,2216
3240,2027
2915,251
2173,1028
533,2081
839,787
889,1632
4847,1166
3212,283
2027,1068
2080,1953
2303,356
3104,1756
3794,2426
4925,2226
3631,1044
3028,2325
1941,658
243,837
2702,1113
462,2362
2280,737
994,790
816,211
3851,2313
719,13
2276,752
794,1055
4972,177
3774,802
40,203
2505,185
4463,903
1073,128
4698,1085
2950,2258
1180,1377
2755,2161
727,2292
1746,884
4999,1269
4909,527
2547,1232
464,1524
1065,568
3833,312
2062,2203
3409,2396
3329,28
4446,2117
283,1131
4714,8
1162,1780
4090,459
3593,1689
3601,1285
4294,2010
896,1254
4294,1027
1863,933
4206,2246
2417,984
4587,2384
2865,981
858,83
1996,47
1760,735
2174,1928
4354,415
1441,1463
4992,1408
3018,1899
2207,444
4268,1448
1930,419
3455,1538
3790,2018
2135,889
3610,1685
4255,2388
58,177
1972,1595
1051,1086
1526,1677
727,1969
2079,2452
2999,1381
123,2005
2055,462
2924,112
317,486
2996,395
857,1952
3672,732
3471,1629
3176,2446
4440,2207
946,552
3247,1784
1603,2032
717,802
4314,1584
346,136
1506,1416
4287,430
1957,2411
3710,1822
3718,2017
4918,2317
209,1662
683,1868
4174,655
1798,2037
1453,918
2393,2378
1462,1346
3609,206
156,1201
3366,724
216,2438
2575,1050
2244,854
580,1531
4055,839
2284,349
3586,999
3077,596
402,16
3683,889
3921,2371
4149,2136
2541,74
762,2493
946,2356
848,1903
1734,1542
2982,1963
3774,1772
2721,1971
4645,1841
2745,244
1978,403
568,838
1853,1278
2784,2131
3815,1363
25,1686
939,847
2781,237
4638,2086
599,1804
2636,2171
3554,2356
3154,85
2528,559
4759,1571
587,1652
4116,995
741,460
2126,416
2620,1867
575,1297
3892,1104
4471,1785
2073,1130
3592,2401
4337,2396
2831,2272
4887,1990
236,119
655,27
4468,1850
820,525
545,485
462,949
2242,989
1824,643
1921,1159
2059,797
466,1963
4804,1489
1165,2160
2330,820
2136,1232
2602,1430
4725,518
3571,2344
4842,1567
3300,1014
2382,535
1330,862
3369,1847
3629,1555
3913,2024
3222,989
4657,610
4543,309
102,726
1471,2012
41,1942
783,283
489,709
2636,52
3909,2179
1130,32
103,1398
2647,2140
4695,520
1001,2402
3059,1792
3411,782
1281,2449
746,2105
1112,130
4929,1040
2589,1915
2823,1925
4722,148
1186,427
2869,475
733,907
4018,391
3909,2107
1764,343
3499,326
1390,925
252,305
4917,1833
2620,1056
1743,1825
4834,1851
4794,139
4860,639
3651,2203
2252,2407
1977,2326
3244,2458
3411,397
3332,1162
478,1523
4287,2089
2810,1514
3369,643
2718,654
91,2307
2565,1433
214,1364
4158,1669
319,857
4182,1186
3813,1441
1629,987
623,623
220,170
2691,1483
586,760
1939,891
43,1843
3106,1290
719,1869
917,143
3709,1796
4775,817
2759,1435
879,511
3634,506
4578,929
3407,360
1318,1316
3340,757
1428,1359
3446,785
3379,858
1168,1228
405,203
5,245
1201,1111
4057,2164
4626,1290
1437,341
4785,2206
2932,2007
3613,682
4750,580
3729,1051
4414,1572
1285,1513
1874,370
2308,806
1486,2334
3577,149
358,223
4791,1938
4433,852
4353,184
189,2054
2223,839
4043,121
695,463
4833,2365
2175,2040
3047,1201
3061,637
3663,1868
928,2043
2503,1415
200,2297
189,1410
363,1904
796,1006
4187,642
3990,2398
357,722
4451,2119
2945,316
3079,1839
4883,304
1404,895
1471,124
4555,1839
219,1514
4964,1762
3663,1432
1290,332
2245,2290
1605,394
2359,1023
3108,1360
3987,553
1900,1482
380,829
4599,1280
4707,437
2133,1154
1880,1926
528,1070
1405,1261
3606,1393
3608,1334
1888,2236
1440,810
1802,1426
4956,1293
1028,395
1725,1320
1321,661
3921,1909
2476,2140
3730,1140
3706,1342
303,585
2450,2110
4020,1625
4158,1072
2898,218
1391,2491
1049,446
1040,877
2391,381
585,91
1541,1395
2587,266
4733,1123
2589,1865
1092,927
2123,23
258,738
899,2447
2211,860
2282,1778
3657,2406
2241,2183
3369,150
4021,215
4520,728
4460,473
746,296
973,1740
3348,96
859,507
3058,1371
2701,660
4814,1443
3688,246
2554,1771
2233,1266
1130,1090
568,1042
3082,443
3724,1100
2387,315
1124,510
2430,1149
249,2220
3699,1106
4449,529
149,1859
983,13
453,1237
3580,167
3378,1571
3374,2263
2757,2309
1957,214
3630,1311
971,1363
1036,436
2716,2037
660,1947
135,1603
284,2334
3143,1692
2216,390
600,2305
3392,2178
0,2036
392,1938
1189,1807
4698,1507
516,73
2531,972
4943,75
4420,1341
4918,1766
2075,1190
1478,2317
4596,2192
1243,1041
3054,1462
1398,2105
1024,329
1011,2386
404,1148
4264,1120
4531,677
4981,2017
1672,1310
4704,1715
2236,1990
4606,1450
263,868
2723,2157
4612,688
4394,1541
1257,116
3727,2071
4953,1730
645,2141
4339,258
597,2478
4197,1189
3389,926
1159,2106
564,259
1953,760
2335,679
1078,700
1372,328
4379,2455
3034,1314
1471,1264
1739,923
1068,2251
3951,2176
4853,1917
4107,2274
385,1244
4243,2168
212,1768
3180,2429
305,1256
2503,1082
872,155
2158,275
3463,693
4719,301
1894,1217
1455,710
1456,1638
3452,1639
3540,1549
4647,597
2196,1326
2929,1707
1342,1818
1418,1192
3916,1536
3214,1041
317,305
2177,1231
2812,641
2829,1343
923,1147
1456,1563
263,2253
4069,2444
2144,146
667,907
2641,1009
932,599
3867,2116
2501,529
72,23
2324,176
1321,272
374,2441
919,2390
4366,628
339,404
4026,2447
2790,1389
1897,604
2932,2013
3387,147
729,585
3524,1582
4551,440
2493,1905
3912,1732
1429,434
4540,1162
1054,784
2162,1283
3430,1842
4013,17
4822,843
3541,1641
1804,1437
1541,1412
84,1036
11,2396
1001,1042
722,2329
4413,2403
3697,208
590,1289
180,2258
1935,97
3195,752
3660,749
4553,1153
2870,2175
4396,1448
3406,217
2272,1499
1488,317
89,1593
1886,1928
4513,1762
11,257
2268,1169
2892,145
1907,929
4309,1886
1461,110
4087,1784
1805,1701
4422,572
3931,455
4506,2247
603,1002
4107,481
3524,1540
2136,2423
3249,956
1392,1879
4941,20
2322,644
2579,1596
3431,52
3444,1290
3239,1706
1376,833
3089,1808
4118,980
4102,1689
425,1730
4769,2215
1233,408
2298,24
2359,1535
3571,608
4810,1251
3087,760
2898,1583
1402,2347
1223,1514
4220,305
4887,626
4888,2360
4713,1022
2011,2092
4032,1689
2147,844
2258,841
1122,780
3663,2446
2567,271
844,1197
2547,491
3973,743
3491,2392
2788,2265
4772,1618
1493,2327
1477,1030
1959,1815
2995,1802
155,133
2054,2083
505,1977
1284,1596
4312,792
857,906
1941,432
77,1362
1016,1238
2815,791
3643,2068
2799,1765
3268,1242
3159,4
2704,1334
4620,1086
1670,243
4160,613
2250,1901
4333,1704
4352,2432
1876,2247
3963,2488
4463,2167
4767,516
1246,1395
3122,1501
1265,2396
296,1929
2180,524
107,576
3056,1571
2981,1978
4094,1558
2019,1352
2704,1571
1754,2252
4201,130
4164,2206
3128,448
4517,330
967,1585
3966,50
2963,1424
1810,1191
1771,1153
4290,283
854,1631
87,2234
818,1471
488,1978
4139,120
1713,327
4706,391
1850,1592
4856,619
1723,1325
56,76
948,669
775,2018
687,1169
1744,1337
2636,1914
4365,1424
3791,671
947,391
1795,1826
3140,1953
4138,710
1363,1573
3912,1753
2957,787
3289,2469
719,1528
3939,1519
2925,972
2381,1033
604,394
3198,2066
159,1677
4725,1517
4894,711
1127,486
4694,1287
685,253
2311,2282
2896,799
4395,2407
1796,1606
1563,221
885,540
2031,388
1701,1328
3989,579
3917,1101
4605,1831
3002,1928
4540,1693
1362,1971
4835,2146
3895,2206
4610,1295
303,763
331,663
3782,2010
1447,2250
3226,2404
799,1513
3454,1918
4864,477
749,519
1566,326
1507,1710
684,1190
3787,1
4062,2108
865,258
3290,1386
1058,574
400,187
664,4
4484,1529
594,1358
1898,715
1,1162
410,2461
2398,1244
1570,1019
3279,316
4516,2237
2636,2388
1503,226
1640,1868
2990,2316
4547,2034
3976,684
1272,598
3483,1955
2175,1335
687,2325
2405,2065
1352,8
3875,731
3374,446
3360,1620
3212,1328
3766,223
2996,666
663,1739
4528,1062
4532,1645
4021,1061
4459,393
1648,2255
4525,1631
319,1513
4410,833
4260,1826
1678,88
4774,2116
3667,2451
1372,2494
2375,1737
3128,1088
359,1875
1521,2318
1649,2350
4652,1874
401,1081
1724,946
3310,1426
2307,2089
4021,164
504,852
1315,639
2417,303
2091,1986
4183,969
3287,1004
3497,1544
2115,579
2291,2279
283,530
4014,2064
4528,1282
3730,1618
1035,1836
3220,429
2391,1711
623,1886
1266,90
2011,1656
911,396
1884,548
4529,2409
2476,632
4843,1953
4676,2339
4972,1804
259,1775
3299,1949
2552,1339
4890,2332
1455,2320
1992,1718
273,1156
284,2434
4431,1897
186,2211
1084,1671
1138,1048
140,2285
3230,1524
4972,1230
862,673
3879,519
495,1063
2953,1231
2073,822
3495,780
4014,1939
2390,1681
2358,1807
483,86
3399,2211
3972,1919
951,804
2149,1522
107,2366
497,756
2308,2170
904,1667
3294,1027
335,2078
2246,2490
279,1402
4668,659
3484,1520
4758,234
4010,570
4929,236
1632,1910
1285,1451
1481,2293
4069,1028
2631,2145
1855,1711
2461,2109
575,497
25,1056
1037,1906
4045,2115
3302,735
1306,1017
603,1447
569,1861
2244,1072
1455,1078
955,490
3071,114
4047,885
3803,1928
1355,657
4908,488
1143,36
3043,1192
1713,348
885,1629
1274,212
3314,635
4702,2113
2580,651
2531,1779
1227,2228
4521,1444
368,2484
4500,2307
669,1023
4936,1204
4076,1049
4572,2287
2245,2101
3819,1074
3110,175
1723,1346
1283,1866
2987,40
2433,174
844,1906
3292,1571
730,1805
3278,463
353,2350
2209,1724
2792,990
4197,1746
354,532
1326,1852
3360,567
1617,1714
4080,514
4912,908
3901,1647
849,2481
1373,821
2026,1985
2159,379
3411,287
730,489
2436,1098
742,885
1653,858
4917,315
2495,945
2312,765
4190,1273
1196,2359
202,916
4703,2352
3306,1832
343,114
2932,26
3241,932
3149,1803
3599,17
97,1868
4929,1808
3932,802
493,2094
253,2228
1101,229
369,1522
2245,69
2586,171
3353,2144
3437,145
1858,2080
1875,1601
1984,590
2712,2390
3711,129
2776,1750
